[
  { "name": "李白", "slug": "10041" },
  { "name": "白居易", "slug": "10005" },
  { "name": "李清照", "slug": "10043" },
  { "name": "杜甫", "slug": "10035" },
  { "name": "苏轼", "slug": "10001" },
  { "name": "辛弃疾", "slug": "10003" },
  { "name": "刘禹锡", "slug": "10047" },
  { "name": "王维", "slug": "10075" },
  { "name": "李商隐", "slug": "10009" },
  { "name": "杜牧", "slug": "10109" },
  { "name": "陆游", "slug": "10019" },
  { "name": "陶渊明", "slug": "10011" },
  { "name": "孟浩然", "slug": "10029" },
  { "name": "元稹", "slug": "10082" },
  { "name": "李煜", "slug": "10017" },
  { "name": "柳宗元", "slug": "10055" },
  { "name": "岑参", "slug": "10096" },
  { "name": "王安石", "slug": "10067" },
  { "name": "韩愈", "slug": "10125" },
  { "name": "欧阳修", "slug": "10018" },
  { "name": "贾岛", "slug": "" },
  { "name": "韦应物", "slug": "10115" },
  { "name": "曹操", "slug": "10012" },
  { "name": "刘长卿", "slug": "10113" },
  { "name": "温庭筠", "slug": "10069" },
  { "name": "柳永", "slug": "10060" },
  { "name": "李贺", "slug": "10108" },
  { "name": "曹植", "slug": "10037" },
  { "name": "王昌龄", "slug": "10051" },
  { "name": "晏殊", "slug": "10170" },
  { "name": "范仲淹", "slug": "10032" },
  { "name": "王勃", "slug": "10034" }
]
