[
  { "name": "唐诗三百", "slug": "1" },
  { "name": "宋词三百", "slug": "2" },
  { "name": "孩子的诗", "slug": "3" },
  { "name": "小学古诗", "slug": "88" },
  { "name": "初中古诗", "slug": "90" },
  { "name": "高中古诗", "slug": "92" },
  { "name": "古诗十九", "slug": "13" },
  { "name": "诗经全集", "slug": "12" },
  { "name": "楚辞全集", "slug": "75" },
  { "name": "乐府诗集", "slug": "74" },
  { "name": "古文观止", "slug": "87" },
  { "name": "人间词话", "slug": "113" },
  { "name": "思乡", "slug": "15" },
  { "name": "战争", "slug": "23" },
  { "name": "离别", "slug": "38" },
  { "name": "怀古", "slug": "37" },
  { "name": "边塞", "slug": "45" },
  { "name": "田园", "slug": "44" },
  { "name": "友情", "slug": "77" },
  { "name": "爱国", "slug": "396" },
  { "name": "壮志", "slug": "43" },
  { "name": "哲理", "slug": "79" },
  { "name": "春", "slug": "24" },
  { "name": "夏", "slug": "25" },
  { "name": "秋", "slug": "26" },
  { "name": "冬", "slug": "27" },
  { "name": "风", "slug": "84" },
  { "name": "雪", "slug": "35" },
  { "name": "日", "slug": "86" },
  { "name": "月", "slug": "30" },
  { "name": "梅", "slug": "29" },
  { "name": "兰", "slug": "414" },
  { "name": "竹", "slug": "383" },
  { "name": "菊", "slug": "34" },
  { "name": "临江仙", "slug": "106" },
  { "name": "念奴娇", "slug": "102" },
  { "name": "沁园春", "slug": "185" },
  { "name": "鹧鸪天", "slug": "180" },
  { "name": "春节", "slug": "16" },
  { "name": "蝶恋花", "slug": "182" },
  { "name": "菩萨蛮", "slug": "178" },
  { "name": "清平乐", "slug": "188" },
  { "name": "元宵", "slug": "17" },
  { "name": "虞美人", "slug": "98" },
  { "name": "卜算子", "slug": "195" },
  { "name": "渔家傲", "slug": "193" },
  { "name": "清明", "slug": "19" },
  { "name": "定风波", "slug": "94" },
  { "name": "黄鹤楼", "slug": "384" },
  { "name": "洞庭湖", "slug": "386" },
  { "name": "寒食", "slug": "18" },
  { "name": "滕王阁", "slug": "398" },
  { "name": "寒山寺", "slug": "393" },
  { "name": "端午", "slug": "73" },
  { "name": "七夕", "slug": "20" },
  { "name": "中秋", "slug": "21" },
  { "name": "重阳", "slug": "22" },
  { "name": "红豆", "slug": "168" },
  { "name": "西湖", "slug": "385" }
]
