[
  { "name": "上古", "slug": "上古" },
  { "name": "商", "slug": "商" },
  { "name": "周", "slug": "周" },
  { "name": "秦", "slug": "秦" },
  { "name": "汉", "slug": "汉" },
  { "name": "三国", "slug": "三国" },
  { "name": "晋", "slug": "晋" },
  { "name": "南北朝", "slug": "南北朝" },
  { "name": "隋", "slug": "隋" },
  { "name": "唐", "slug": "唐" },
  { "name": "五代十国", "slug": "五代十国" },
  { "name": "辽", "slug": "辽" },
  { "name": "宋", "slug": "宋" },
  { "name": "金", "slug": "金" },
  { "name": "元", "slug": "元" },
  { "name": "明", "slug": "明" },
  { "name": "清", "slug": "清" },
  { "name": "当代", "slug": "当代" }
]
