[
  {
    "slug": "选集",
    "name": "选集",
    "categories": [
      { "slug": "12", "name": "诗经全集" },
      { "slug": "75", "name": "楚辞全集" },
      { "slug": "81", "name": "道德经" },
      { "slug": "103", "name": "千家诗" },
      { "slug": "1", "name": "唐诗三百首" },
      { "slug": "2", "name": "宋词三百首" },
      { "slug": "109", "name": "元曲三百首" },
      { "slug": "3", "name": "给孩子的诗" },
      { "slug": "13", "name": "古诗十九首" },
      { "slug": "74", "name": "乐府诗集" },
      { "slug": "87", "name": "古文观止" },
      { "slug": "113", "name": "人间词话" },
      { "slug": "82", "name": "周易" },
      { "slug": "311", "name": "中庸" },
      { "slug": "308", "name": "论语" },
      { "slug": "402", "name": "孟子" },
      { "slug": "162", "name": "庄子" },
      { "slug": "163", "name": "史记" },
      { "slug": "403", "name": "左传" },
      { "slug": "401", "name": "汉书" },
      { "slug": "111", "name": "四十二章经" },
      { "slug": "174", "name": "妙法莲华经" },
      { "slug": "152", "name": "地藏经" },
      { "slug": "76", "name": "金刚经" },
      { "slug": "145", "name": "圆觉经" },
      { "slug": "150", "name": "六祖坛经" },
      { "slug": "175", "name": "维摩诘经" },
      { "slug": "107", "name": "白香词谱" },
      { "slug": "112", "name": "声律启蒙" },
      { "slug": "153", "name": "笠翁对韵" },
      { "slug": "146", "name": "山海经" },
      { "slug": "149", "name": "茶经" },
      { "slug": "147", "name": "鬼谷子" },
      { "slug": "1137", "name": "墨子" },
      { "slug": "148", "name": "孙子兵法" },
      { "slug": "110", "name": "三十六计" },
      { "slug": "173", "name": "文心雕龙" },
      { "slug": "179", "name": "红楼梦" },
      { "slug": "305", "name": "三国演义" },
      { "slug": "306", "name": "水浒传" },
      { "slug": "304", "name": "西游记" },
      { "slug": "301", "name": "世说新语" },
      { "slug": "310", "name": "三国志" },
      { "slug": "307", "name": "传习录" },
      { "slug": "379", "name": "晏子春秋" },
      { "slug": "164", "name": "四时幽赏录" },
      { "slug": "309", "name": "随园食单" },
      { "slug": "312", "name": "西湖梦寻" },
      { "slug": "419", "name": "陶庵梦忆" },
      { "slug": "399", "name": "幽梦影" },
      { "slug": "446", "name": "菜根谭" },
      { "slug": "404", "name": "淮南子" },
      { "slug": "405", "name": "老残游记" },
      { "slug": "410", "name": "西厢记" },
      { "slug": "409", "name": "月令七十二候集解" }
    ]
  },
  {
    "slug": "主题",
    "name": "主题",
    "categories": [
      { "slug": "6", "name": "爱" },
      { "slug": "14", "name": "禅" },
      { "slug": "46", "name": "茶" },
      { "slug": "80", "name": "酒" },
      { "slug": "23", "name": "战争" },
      { "slug": "38", "name": "离别" },
      { "slug": "7", "name": "悼亡" },
      { "slug": "15", "name": "思乡" },
      { "slug": "39", "name": "孤独" },
      { "slug": "43", "name": "壮志" },
      { "slug": "44", "name": "田园" },
      { "slug": "45", "name": "边塞" },
      { "slug": "77", "name": "友情" },
      { "slug": "78", "name": "羁旅" },
      { "slug": "79", "name": "哲理" },
      { "slug": "37", "name": "怀古" },
      { "slug": "315", "name": "母亲" },
      { "slug": "396", "name": "爱国" },
      { "slug": "959", "name": "佛" },
      { "slug": "960", "name": "僧" },
      { "slug": "961", "name": "仙" },
      { "slug": "962", "name": "道" }
    ]
  },
  {
    "slug": "写景",
    "name": "写景",
    "categories": [
      { "slug": "24", "name": "春" },
      { "slug": "25", "name": "夏" },
      { "slug": "26", "name": "秋" },
      { "slug": "27", "name": "冬" },
      { "slug": "31", "name": "山" },
      { "slug": "32", "name": "水" },
      { "slug": "86", "name": "日" },
      { "slug": "30", "name": "月" },
      { "slug": "84", "name": "风" },
      { "slug": "83", "name": "雲" },
      { "slug": "28", "name": "雨" },
      { "slug": "35", "name": "雪" },
      { "slug": "29", "name": "梅" },
      { "slug": "414", "name": "兰" },
      { "slug": "383", "name": "竹" },
      { "slug": "34", "name": "菊" },
      { "slug": "85", "name": "桃" },
      { "slug": "458", "name": "梨" },
      { "slug": "33", "name": "荷" },
      { "slug": "417", "name": "桂" },
      { "slug": "416", "name": "柳" },
      { "slug": "415", "name": "松" },
      { "slug": "452", "name": "苔" },
      { "slug": "418", "name": "草" },
      { "slug": "963", "name": "晷" },
      { "slug": "964", "name": "星" },
      { "slug": "965", "name": "云" },
      { "slug": "966", "name": "雷" },
      { "slug": "967", "name": "电" },
      { "slug": "968", "name": "雹" },
      { "slug": "969", "name": "露" },
      { "slug": "970", "name": "霜" },
      { "slug": "971", "name": "雾" },
      { "slug": "972", "name": "霞" },
      { "slug": "973", "name": "晴" },
      { "slug": "974", "name": "岩" },
      { "slug": "975", "name": "洞" },
      { "slug": "976", "name": "石" },
      { "slug": "977", "name": "泉" },
      { "slug": "978", "name": "冰" },
      { "slug": "979", "name": "湖" },
      { "slug": "980", "name": "池" },
      { "slug": "981", "name": "溪" },
      { "slug": "982", "name": "谷" },
      { "slug": "983", "name": "涧" },
      { "slug": "984", "name": "海" },
      { "slug": "985", "name": "河" },
      { "slug": "986", "name": "江" },
      { "slug": "987", "name": "堤岸" },
      { "slug": "988", "name": "川" },
      { "slug": "989", "name": "峰" },
      { "slug": "990", "name": "岭" },
      { "slug": "991", "name": "石壁" },
      { "slug": "992", "name": "渚" },
      { "slug": "993", "name": "潭" },
      { "slug": "994", "name": "洲" },
      { "slug": "995", "name": "瀑布" },
      { "slug": "996", "name": "农" },
      { "slug": "997", "name": "蚕" },
      { "slug": "998", "name": "织" },
      { "slug": "999", "name": "牧" },
      { "slug": "1000", "name": "樵" },
      { "slug": "1001", "name": "渔" },
      { "slug": "1002", "name": "火" },
      { "slug": "1003", "name": "烟" },
      { "slug": "1004", "name": "舟" },
      { "slug": "1005", "name": "车" }
    ]
  },
  {
    "slug": "节日",
    "name": "节日",
    "categories": [
      { "slug": "16", "name": "春节" },
      { "slug": "17", "name": "元宵" },
      { "slug": "18", "name": "寒食" },
      { "slug": "19", "name": "清明" },
      { "slug": "73", "name": "端午" },
      { "slug": "20", "name": "七夕" },
      { "slug": "21", "name": "中秋" },
      { "slug": "22", "name": "重阳" },
      { "slug": "1070", "name": "人日" },
      { "slug": "1083", "name": "花朝" },
      { "slug": "1084", "name": "上巳" },
      { "slug": "1085", "name": "中元" },
      { "slug": "1086", "name": "佛日" },
      { "slug": "1087", "name": "社日" },
      { "slug": "1088", "name": "春社" },
      { "slug": "1089", "name": "龙抬头" }
    ]
  },
  {
    "slug": "节气",
    "name": "节气",
    "categories": [
      { "slug": "47", "name": "立春" },
      { "slug": "48", "name": "雨水" },
      { "slug": "49", "name": "惊蛰" },
      { "slug": "50", "name": "春分" },
      { "slug": "53", "name": "清明" },
      { "slug": "54", "name": "谷雨" },
      { "slug": "55", "name": "立夏" },
      { "slug": "56", "name": "小满" },
      { "slug": "57", "name": "芒种" },
      { "slug": "58", "name": "夏至" },
      { "slug": "59", "name": "小暑" },
      { "slug": "60", "name": "大暑" },
      { "slug": "61", "name": "立秋" },
      { "slug": "62", "name": "处暑" },
      { "slug": "63", "name": "白露" },
      { "slug": "64", "name": "秋分" },
      { "slug": "65", "name": "寒露" },
      { "slug": "66", "name": "霜降" },
      { "slug": "67", "name": "立冬" },
      { "slug": "68", "name": "小雪" },
      { "slug": "69", "name": "大雪" },
      { "slug": "70", "name": "冬至" },
      { "slug": "71", "name": "小寒" },
      { "slug": "72", "name": "大寒" }
    ]
  },
  {
    "slug": "词牌",
    "name": "词牌",
    "categories": [
      { "slug": "96", "name": "如梦令" },
      { "slug": "97", "name": "醉花阴" },
      { "slug": "98", "name": "虞美人" },
      { "slug": "94", "name": "定风波" },
      { "slug": "95", "name": "洞仙歌" },
      { "slug": "99", "name": "雨霖铃" },
      { "slug": "101", "name": "长相思" },
      { "slug": "102", "name": "念奴娇" },
      { "slug": "100", "name": "六州歌头" },
      { "slug": "104", "name": "忆江南" },
      { "slug": "105", "name": "鹤冲天" },
      { "slug": "106", "name": "临江仙" },
      { "slug": "176", "name": "浣溪沙" },
      { "slug": "177", "name": "水调歌头" },
      { "slug": "178", "name": "菩萨蛮" },
      { "slug": "180", "name": "鹧鸪天" },
      { "slug": "181", "name": "满江红" },
      { "slug": "182", "name": "蝶恋花" },
      { "slug": "183", "name": "西江月" },
      { "slug": "184", "name": "减字木兰花" },
      { "slug": "185", "name": "沁园春" },
      { "slug": "186", "name": "点绛唇" },
      { "slug": "187", "name": "贺新郎" },
      { "slug": "188", "name": "清平乐" },
      { "slug": "189", "name": "满庭芳" },
      { "slug": "190", "name": "水龙吟" },
      { "slug": "191", "name": "好事近" },
      { "slug": "193", "name": "渔家傲" },
      { "slug": "194", "name": "朝中措" },
      { "slug": "195", "name": "卜算子" },
      { "slug": "196", "name": "谒金门" },
      { "slug": "197", "name": "南乡子" },
      { "slug": "198", "name": "玉楼春" },
      { "slug": "199", "name": "浪淘沙令" },
      { "slug": "200", "name": "踏莎行" },
      { "slug": "201", "name": "南歌子" },
      { "slug": "202", "name": "生查子" },
      { "slug": "203", "name": "柳梢青" },
      { "slug": "204", "name": "苏幕遮" },
      { "slug": "205", "name": "望江南" },
      { "slug": "206", "name": "鹊桥仙" },
      { "slug": "207", "name": "蓦山溪" },
      { "slug": "208", "name": "诉衷情令" },
      { "slug": "209", "name": "木兰花慢" },
      { "slug": "210", "name": "阮郎归" },
      { "slug": "212", "name": "江城子" },
      { "slug": "213", "name": "青玉案" },
      { "slug": "214", "name": "醉落魄" },
      { "slug": "215", "name": "摸鱼儿" },
      { "slug": "216", "name": "渔父" },
      { "slug": "217", "name": "瑞鹤仙" },
      { "slug": "218", "name": "小重山" },
      { "slug": "219", "name": "八声甘州" },
      { "slug": "220", "name": "喜迁莺" },
      { "slug": "221", "name": "感皇恩" },
      { "slug": "222", "name": "采桑子 " },
      { "slug": "223", "name": "醉蓬莱" },
      { "slug": "224", "name": "忆秦娥" },
      { "slug": "225", "name": "齐天乐" },
      { "slug": "227", "name": "少年游" },
      { "slug": "228", "name": "眼儿媚" },
      { "slug": "230", "name": "霜天晓角" },
      { "slug": "232", "name": "永遇乐" },
      { "slug": "233", "name": "千秋岁" },
      { "slug": "234", "name": "风入松" },
      { "slug": "235", "name": "汉宫春" },
      { "slug": "237", "name": "更漏子" },
      { "slug": "238", "name": "乌夜啼" },
      { "slug": "239", "name": "祝英台近" },
      { "slug": "240", "name": "声声慢" },
      { "slug": "241", "name": "行香子" },
      { "slug": "242", "name": "雨中花慢" },
      { "slug": "243", "name": "瑞鹧鸪" },
      { "slug": "245", "name": "风流子" },
      { "slug": "246", "name": "武陵春" },
      { "slug": "247", "name": "烛影摇红" },
      { "slug": "248", "name": "桃源忆故人" },
      { "slug": "249", "name": "昭君怨" },
      { "slug": "250", "name": "酒泉子" },
      { "slug": "251", "name": "夜行船" },
      { "slug": "252", "name": "杏花天" },
      { "slug": "253", "name": "一落索" },
      { "slug": "254", "name": "应天长" },
      { "slug": "255", "name": "画堂春" },
      { "slug": "257", "name": "最高楼" },
      { "slug": "259", "name": "调笑令" },
      { "slug": "261", "name": "杨柳枝" },
      { "slug": "262", "name": "花心动" },
      { "slug": "263", "name": "思佳客" },
      { "slug": "264", "name": "天仙子" },
      { "slug": "265", "name": "兰陵王" },
      { "slug": "266", "name": "忆王孙" },
      { "slug": "270", "name": "桂枝香" },
      { "slug": "271", "name": "探春令" },
      { "slug": "272", "name": "一剪梅" },
      { "slug": "273", "name": "望海潮" },
      { "slug": "274", "name": "高阳台" },
      { "slug": "276", "name": "出塞" },
      { "slug": "277", "name": "忆旧游" },
      { "slug": "278", "name": "品令" },
      { "slug": "280", "name": "相见欢" },
      { "slug": "281", "name": "惜分飞 " },
      { "slug": "282", "name": "河传" },
      { "slug": "283", "name": "玉蝴蝶" },
      { "slug": "284", "name": "解连环" },
      { "slug": "285", "name": "燕归梁" },
      { "slug": "286", "name": "夜游宫" },
      { "slug": "287", "name": "御街行" },
      { "slug": "288", "name": "大酺" },
      { "slug": "289", "name": "木兰花令" },
      { "slug": "290", "name": "女冠子" },
      { "slug": "291", "name": "壶中天" },
      { "slug": "292", "name": "西河" },
      { "slug": "293", "name": "疏影" },
      { "slug": "294", "name": "玉漏迟" },
      { "slug": "295", "name": "扫花游" },
      { "slug": "296", "name": "宴清都" },
      { "slug": "297", "name": "步蟾宫" },
      { "slug": "299", "name": "唐多令" },
      { "slug": "300", "name": "婆罗门令" },
      { "slug": "302", "name": "一丛花" },
      { "slug": "303", "name": "天香" },
      { "slug": "316", "name": "秋霁" },
      { "slug": "317", "name": "太常引" },
      { "slug": "318", "name": "摊破浣溪沙" },
      { "slug": "319", "name": "婆罗门引" },
      { "slug": "320", "name": "人月圆" },
      { "slug": "322", "name": "台城路" },
      { "slug": "323", "name": "渔歌子" },
      { "slug": "324", "name": "渡江雲" },
      { "slug": "325", "name": "真珠帘" },
      { "slug": "326", "name": "贺圣朝" },
      { "slug": "327", "name": "秋蕊香" },
      { "slug": "328", "name": "宝鼎现" },
      { "slug": "329", "name": "春光好" },
      { "slug": "330", "name": "破阵子" },
      { "slug": "331", "name": "绛都春" },
      { "slug": "332", "name": "哨遍" },
      { "slug": "333", "name": "倾杯乐" },
      { "slug": "334", "name": "二郎神" },
      { "slug": "335", "name": "一萼红" },
      { "slug": "336", "name": "南浦" },
      { "slug": "337", "name": "多丽" },
      { "slug": "338", "name": "六幺令" },
      { "slug": "339", "name": "凤凰台上忆吹箫" },
      { "slug": "340", "name": "满路花" },
      { "slug": "341", "name": "雨中花令" },
      { "slug": "342", "name": "开元乐" },
      { "slug": "343", "name": "芳草" },
      { "slug": "345", "name": "绮罗香" },
      { "slug": "346", "name": "南楼令" },
      { "slug": "347", "name": "忆仙姿" },
      { "slug": "348", "name": "百字令" },
      { "slug": "349", "name": "塞翁吟" },
      { "slug": "350", "name": "玲珑四犯" },
      { "slug": "351", "name": "减字浣溪沙" },
      { "slug": "352", "name": "巫山一段云" },
      { "slug": "354", "name": "潇湘神" },
      { "slug": "355", "name": "庆清朝" },
      { "slug": "356", "name": "归朝欢" },
      { "slug": "357", "name": "竹枝" },
      { "slug": "358", "name": "相思引" },
      { "slug": "359", "name": "暗香" },
      { "slug": "361", "name": "河满子" },
      { "slug": "362", "name": "菊花新" },
      { "slug": "363", "name": "琐窗寒" },
      { "slug": "364", "name": "倦寻芳" }
    ]
  },
  {
    "slug": "时间",
    "name": "时间",
    "categories": [
      { "slug": "1071", "name": "正月" },
      { "slug": "1072", "name": "二月" },
      { "slug": "1073", "name": "三月" },
      { "slug": "1074", "name": "四月" },
      { "slug": "1075", "name": "五月" },
      { "slug": "1076", "name": "六月" },
      { "slug": "1077", "name": "七月" },
      { "slug": "1078", "name": "八月" },
      { "slug": "1079", "name": "九月" },
      { "slug": "1080", "name": "十月" },
      { "slug": "1081", "name": "十一月" },
      { "slug": "1082", "name": "十二月" }
    ]
  },
  {
    "slug": "时令",
    "name": "时令",
    "categories": [
      { "slug": "154", "name": "樱桃" },
      { "slug": "155", "name": "荔枝" },
      { "slug": "156", "name": "杨梅" },
      { "slug": "170", "name": "桃子" },
      { "slug": "167", "name": "竹笋" },
      { "slug": "157", "name": "梅子" },
      { "slug": "168", "name": "红豆" },
      { "slug": "159", "name": "杏" },
      { "slug": "160", "name": "柿子" },
      { "slug": "172", "name": "桂圆" },
      { "slug": "165", "name": "葡萄" },
      { "slug": "166", "name": "菱角" },
      { "slug": "158", "name": "茄子" },
      { "slug": "169", "name": "西瓜" },
      { "slug": "161", "name": "枇杷" },
      { "slug": "171", "name": "橙子" },
      { "slug": "1039", "name": "芋" },
      { "slug": "1040", "name": "李" },
      { "slug": "1041", "name": "梅" },
      { "slug": "1042", "name": "梨" },
      { "slug": "1043", "name": "柑" },
      { "slug": "1044", "name": "橘" },
      { "slug": "1045", "name": "金橘" },
      { "slug": "1046", "name": "柰" },
      { "slug": "1047", "name": "枣" },
      { "slug": "1048", "name": "栗" },
      { "slug": "1049", "name": "林檎" },
      { "slug": "1050", "name": "木瓜" },
      { "slug": "1051", "name": "芭蕉" },
      { "slug": "1052", "name": "瓜" },
      { "slug": "1053", "name": "桑椹" },
      { "slug": "1054", "name": "瓠" },
      { "slug": "1055", "name": "芦菔" },
      { "slug": "1056", "name": "橙" },
      { "slug": "1057", "name": "龙眼" },
      { "slug": "1058", "name": "橄榄" },
      { "slug": "1059", "name": "榅桲" },
      { "slug": "1060", "name": "棠梨" },
      { "slug": "1061", "name": "蘋果" },
      { "slug": "1062", "name": "馀甘子" },
      { "slug": "1063", "name": "石榴" },
      { "slug": "1064", "name": "榧" },
      { "slug": "1066", "name": "松子" },
      { "slug": "1067", "name": "核桃" },
      { "slug": "1068", "name": "银杏" },
      { "slug": "1069", "name": "椑柿" }
    ]
  },
  {
    "slug": "花卉",
    "name": "花卉",
    "categories": [
      { "slug": "590", "name": "牡丹" },
      { "slug": "653", "name": "梅花" },
      { "slug": "657", "name": "桃花" },
      { "slug": "659", "name": "梨花" },
      { "slug": "635", "name": "桂花" },
      { "slug": "656", "name": "杏花" },
      { "slug": "658", "name": "李花" },
      { "slug": "664", "name": "荷花" },
      { "slug": "694", "name": "菊花" },
      { "slug": "591", "name": "海棠" },
      { "slug": "682", "name": "芍药" },
      { "slug": "595", "name": "玉兰" },
      { "slug": "592", "name": "秋海棠" },
      { "slug": "596", "name": "辛夷" },
      { "slug": "608", "name": "茉莉" },
      { "slug": "597", "name": "紫荆" },
      { "slug": "600", "name": "蜡梅" },
      { "slug": "613", "name": "月季" },
      { "slug": "598", "name": "山茶" },
      { "slug": "593", "name": "紫薇" },
      { "slug": "686", "name": "萱花" },
      { "slug": "603", "name": "木槿" },
      { "slug": "636", "name": "兰花" },
      { "slug": "606", "name": "凌霄" },
      { "slug": "615", "name": "水仙" },
      { "slug": "674", "name": "蔷薇" },
      { "slug": "604", "name": "瑞香" },
      { "slug": "610", "name": "玫瑰" },
      { "slug": "594", "name": "玉蕊" },
      { "slug": "672", "name": "岩桂" },
      { "slug": "599", "name": "扶桑" },
      { "slug": "654", "name": "红梅" },
      { "slug": "678", "name": "兰蕙" },
      { "slug": "669", "name": "杜鹃" },
      { "slug": "612", "name": "荼蘼" },
      { "slug": "648", "name": "杜鹃花" },
      { "slug": "632", "name": "木芙蓉" },
      { "slug": "690", "name": "百合花" },
      { "slug": "663", "name": "石榴花" },
      { "slug": "668", "name": "栀子花" },
      { "slug": "662", "name": "樱桃花" }
    ]
  },
  {
    "slug": "课本",
    "name": "课本",
    "categories": [
      { "slug": "88", "name": "小学古诗词" },
      { "slug": "89", "name": "小学文言文" },
      { "slug": "90", "name": "初中古诗词" },
      { "slug": "91", "name": "初中文言文" },
      { "slug": "92", "name": "高中古诗词" },
      { "slug": "93", "name": "高中文言文" },
      { "slug": "114", "name": "小学一册" },
      { "slug": "115", "name": "小学二册" },
      { "slug": "116", "name": "小学三册" },
      { "slug": "117", "name": "小学四册" },
      { "slug": "118", "name": "小学五册" },
      { "slug": "119", "name": "小学六册" },
      { "slug": "120", "name": "小学七册" },
      { "slug": "121", "name": "小学八册" },
      { "slug": "122", "name": "小学九册" },
      { "slug": "123", "name": "小学十册" },
      { "slug": "124", "name": "小学十一册" },
      { "slug": "125", "name": "小学十二册" },
      { "slug": "126", "name": "初一上册" },
      { "slug": "127", "name": "初一下册" },
      { "slug": "128", "name": "初二上册" },
      { "slug": "129", "name": "初二下册" },
      { "slug": "131", "name": "初三上册" },
      { "slug": "132", "name": "初三下册" },
      { "slug": "133", "name": "高一上册" },
      { "slug": "134", "name": "高一下册" },
      { "slug": "135", "name": "高二上册" },
      { "slug": "136", "name": "高二下册" },
      { "slug": "137", "name": "高三上册" },
      { "slug": "138", "name": "高三下册" },
      { "slug": "420", "name": "小学人教版" },
      { "slug": "421", "name": "小学苏教版" },
      { "slug": "422", "name": "小学北师版" },
      { "slug": "423", "name": "小学沪教版" },
      { "slug": "424", "name": "小学语文版" },
      { "slug": "425", "name": "小学语文版" },
      { "slug": "426", "name": "初中人教新版" },
      { "slug": "427", "name": "初中苏教版" },
      { "slug": "428", "name": "初中北师版" },
      { "slug": "429", "name": "初中人教版" },
      { "slug": "430", "name": "初中沪教版" },
      { "slug": "431", "name": "初中长春版" },
      { "slug": "432", "name": "初中鄂教版" },
      { "slug": "433", "name": "初中鲁教版" },
      { "slug": "434", "name": "初中语文版" },
      { "slug": "435", "name": "初中河大版" },
      { "slug": "436", "name": "初中五四版" },
      { "slug": "437", "name": "初中北京版" },
      { "slug": "438", "name": "高中人教版" },
      { "slug": "439", "name": "高中北师版" },
      { "slug": "440", "name": "高中苏教版" },
      { "slug": "441", "name": "高中粤教版" },
      { "slug": "442", "name": "高中语文版" },
      { "slug": "443", "name": "高中鲁人版" },
      { "slug": "444", "name": "高中北京版" },
      { "slug": "445", "name": "高中华师版" }
    ]
  },
  {
    "slug": "地理",
    "name": "地理",
    "categories": [
      { "slug": "384", "name": "黄鹤楼" },
      { "slug": "385", "name": "西湖" },
      { "slug": "386", "name": "洞庭湖" },
      { "slug": "388", "name": "黄河" },
      { "slug": "389", "name": "平山堂" },
      { "slug": "391", "name": "长江" },
      { "slug": "390", "name": "长城" },
      { "slug": "395", "name": "鹳雀楼" },
      { "slug": "397", "name": "赤壁" },
      { "slug": "393", "name": "寒山寺" },
      { "slug": "398", "name": "滕王阁" },
      { "slug": "453", "name": "骊山" }
    ]
  },
  {
    "slug": "城市",
    "name": "城市",
    "categories": [
      { "slug": "413", "name": "洛阳" },
      { "slug": "392", "name": "长安" },
      { "slug": "313", "name": "北京" },
      { "slug": "314", "name": "南京" },
      { "slug": "1104", "name": "杭州" },
      { "slug": "1105", "name": "苏州" },
      { "slug": "1106", "name": "扬州" },
      { "slug": "1112", "name": "安阳" },
      { "slug": "1127", "name": "凉州" },
      { "slug": "1128", "name": "敦煌" },
      { "slug": "1132", "name": "银川" },
      { "slug": "1131", "name": "榆林" },
      { "slug": "1138", "name": "山东" }
    ]
  },
  {
    "slug": "名山",
    "name": "名山",
    "categories": [
      { "slug": "381", "name": "黄山" },
      { "slug": "387", "name": "泰山" },
      { "slug": "1008", "name": "衡山" },
      { "slug": "1007", "name": "华山" },
      { "slug": "1009", "name": "恒山" },
      { "slug": "1006", "name": "嵩山" },
      { "slug": "394", "name": "庐山" },
      { "slug": "1092", "name": "五台山" },
      { "slug": "1028", "name": "普陀山" },
      { "slug": "1093", "name": "峨眉山" },
      { "slug": "1026", "name": "九华山" },
      { "slug": "1090", "name": "武当山" },
      { "slug": "1025", "name": "武夷山" },
      { "slug": "1010", "name": "终南山" },
      { "slug": "1091", "name": "青城山" },
      { "slug": "1094", "name": "昆仑山" },
      { "slug": "1095", "name": "太白山" },
      { "slug": "1096", "name": "长白山" },
      { "slug": "1097", "name": "敬亭山" },
      { "slug": "1098", "name": "崆峒山" },
      { "slug": "1099", "name": "武陵源" },
      { "slug": "1100", "name": "白云山" },
      { "slug": "1101", "name": "雁荡山" },
      { "slug": "1102", "name": "龙虎山" },
      { "slug": "1103", "name": "齐云山" }
    ]
  },
  {
    "slug": "用典",
    "name": "用典",
    "categories": [
      { "slug": "365", "name": "敬民篇" },
      { "slug": "366", "name": "治理篇" },
      { "slug": "367", "name": "修身篇" },
      { "slug": "372", "name": "法治篇" },
      { "slug": "373", "name": "辩证篇" },
      { "slug": "374", "name": "历史篇" },
      { "slug": "375", "name": "文学篇" },
      { "slug": "377", "name": "任贤篇" },
      { "slug": "378", "name": "信念篇" },
      { "slug": "368", "name": "笃行篇" },
      { "slug": "369", "name": "劝学篇" },
      { "slug": "370", "name": "天下篇" },
      { "slug": "371", "name": "廉政篇" },
      { "slug": "376", "name": "立德篇" },
      { "slug": "380", "name": "创新篇" },
      { "slug": "382", "name": "为政篇" }
    ]
  },
  {
    "slug": "书籍",
    "name": "书籍",
    "categories": [
      { "slug": "1139", "name": "唐诗鉴赏辞典" },
      { "slug": "1140", "name": "宋词鉴赏辞典" },
      { "slug": "1151", "name": "唐宋词鉴赏辞典" },
      { "slug": "1141", "name": "宋诗鉴赏辞典" },
      { "slug": "1143", "name": "元曲鉴赏辞典" },
      { "slug": "1142", "name": "元明清词鉴赏辞典" },
      { "slug": "1150", "name": "元明清诗鉴赏辞典" },
      { "slug": "1179", "name": "新诗鉴赏辞典" },
      { "slug": "1145", "name": "历代女性诗词鉴赏辞典" },
      { "slug": "1146", "name": "历代赋鉴赏辞典" },
      { "slug": "1144", "name": "先秦诗鉴赏辞典" },
      { "slug": "1154", "name": "汉魏六朝诗鉴赏辞典" },
      { "slug": "1148", "name": "古文鉴赏辞典" },
      { "slug": "1147", "name": "古代志怪小说鉴赏辞典" },
      { "slug": "1149", "name": "唐宋小说鉴赏辞典" },
      { "slug": "1155", "name": "明清小说鉴赏辞典" },
      { "slug": "1156", "name": "明清传奇鉴赏辞典" },
      { "slug": "1158", "name": "古代志怪小说鉴赏辞典" },
      { "slug": "1164", "name": "唐诗鉴赏辞典" },
      { "slug": "1160", "name": "宋词鉴赏辞典" },
      { "slug": "1161", "name": "宋词三百首鉴赏辞典" },
      { "slug": "1166", "name": "唐诗宋词鉴赏辞典" },
      { "slug": "1159", "name": "诗经鉴赏辞典" },
      { "slug": "1162", "name": "唐诗三百首鉴赏辞典" },
      { "slug": "1163", "name": "元曲三百首鉴赏辞典 " },
      { "slug": "1185", "name": "诸子百家名句" },
      { "slug": "1184", "name": "二十四史鉴赏辞典" },
      { "slug": "1176", "name": "唐诗三百首鉴赏辞典" },
      { "slug": "1177", "name": "宋词三百首鉴赏辞典" },
      { "slug": "1178", "name": "元曲三百首鉴赏辞典" },
      { "slug": "1225", "name": "宋诗三百首鉴赏辞典" },
      { "slug": "1191", "name": "古诗三百首鉴赏辞典" },
      { "slug": "1186", "name": "诗经三百篇鉴赏辞典" },
      { "slug": "1231", "name": "元明清词三百首鉴赏辞典" },
      { "slug": "1180", "name": "唐五代词三百首鉴赏辞典" },
      { "slug": "1187", "name": "元明清诗三百首鉴赏辞典" },
      { "slug": "1232", "name": "新诗三百首鉴赏辞典" },
      { "slug": "1209", "name": "苏轼诗文鉴赏辞典" },
      { "slug": "1169", "name": "苏轼词全集" },
      { "slug": "1188", "name": "白居易诗文鉴赏辞典" },
      { "slug": "1189", "name": "杜牧诗文鉴赏辞典" },
      { "slug": "1214", "name": "老子鉴赏辞典" },
      { "slug": "1192", "name": "韩愈诗文鉴赏辞典" },
      { "slug": "1194", "name": "李清照诗词鉴赏辞典" },
      { "slug": "1173", "name": "李清照全集" },
      { "slug": "1195", "name": "李商隐诗文鉴赏辞典" },
      { "slug": "1175", "name": "李商隐诗全集" },
      { "slug": "1197", "name": "柳宗元诗文鉴赏辞典" },
      { "slug": "1170", "name": "秦观词全集" },
      { "slug": "1199", "name": "王维诗鉴赏辞典" },
      { "slug": "1202", "name": "杜甫诗歌鉴赏辞典" },
      { "slug": "1203", "name": "陶渊明诗文鉴赏辞典" },
      { "slug": "1234", "name": "欧阳修诗文鉴赏辞典" },
      { "slug": "1207", "name": "李白诗歌鉴赏辞典" },
      { "slug": "1233", "name": "辛弃疾词鉴赏辞典" },
      { "slug": "1208", "name": "黄庭坚诗文鉴赏辞典" },
      { "slug": "1181", "name": "毛泽东诗词鉴赏辞典" },
      { "slug": "1226", "name": "三曹诗文鉴赏辞典" },
      { "slug": "1182", "name": "王安石诗文鉴赏辞典" },
      { "slug": "1201", "name": "周邦彦词鉴赏辞典" },
      { "slug": "1198", "name": "秦观诗词鉴赏辞典" },
      { "slug": "1196", "name": "柳永词鉴赏辞典" },
      { "slug": "1193", "name": "姜夔诗词鉴赏辞典" },
      { "slug": "1200", "name": "吴文英词鉴赏辞典" },
      { "slug": "1190", "name": "二晏词鉴赏辞典" },
      { "slug": "1183", "name": "关汉卿杂剧散曲鉴赏辞典" },
      { "slug": "1168", "name": "温庭筠词全集" },
      { "slug": "1174", "name": "李贺全集" },
      { "slug": "1171", "name": "纳兰词全集" },
      { "slug": "1172", "name": "李煜全集" },
      { "slug": "1219", "name": "现代散文鉴赏辞典" },
      { "slug": "1217", "name": "四书五经鉴赏辞典" },
      { "slug": "1206", "name": "中小学生必背古诗文" },
      { "slug": "1204", "name": "中小学生必背古诗文(高中)" },
      { "slug": "1212", "name": "红楼梦鉴赏辞典" },
      { "slug": "1210", "name": "西游记鉴赏辞典" },
      { "slug": "1227", "name": "微型小说鉴赏辞典" },
      { "slug": "1218", "name": "三言两拍鉴赏辞典" },
      { "slug": "1221", "name": "历代山水诗鉴赏" },
      { "slug": "1222", "name": "历代咏春诗鉴赏" },
      { "slug": "1224", "name": "历代励志诗鉴赏" },
      { "slug": "1230", "name": "中国历史悬疑系列·先秦卷" },
      { "slug": "1229", "name": "中国历史悬疑系列·宋元卷" },
      { "slug": "1228", "name": "中国历史悬疑系列·明清卷" },
      { "slug": "1236", "name": "事物掌故丛谈 1：岁令时节" },
      { "slug": "1237", "name": "事物掌故丛谈 2：神仙鬼怪" },
      { "slug": "1238", "name": "事物掌故丛谈 5：居住交通" },
      { "slug": "1239", "name": "事物掌故丛谈 6：器用杂物" },
      { "slug": "1240", "name": "事物掌故丛谈 7：游戏娱乐" },
      { "slug": "1241", "name": "事物掌故丛谈 8：谷蔬瓜果" },
      { "slug": "1245", "name": "事物掌故丛谈 9：花草竹木" }
    ]
  }
]
